bid,minor,lat,lng,edge,floor,start,end
749,538,40.443281000661685,-79.94475044310093,187,1,173,174
750,539,40.44331876453748,-79.94476720690727,187,1,173,174
751,540,40.443345301302344,-79.94473904371262,187,1,173,174
752,541,40.44339020964982,-79.94474910199642,187,1,173,174
753,542,40.443429504429254,-79.94471825659275,187,1,173,174
754,543,40.44348257786109,-79.94473032653332,187,1,173,174
755,544,40.44350758359813,-79.94470618665218,187,1,173,174
756,545,40.44353667189275,-79.94471289217472,187,1,173,174
757,546,40.443516259055734,-79.9446538835764,188,1,174,175
758,547,40.44352442419129,-79.94459018111229,188,1,174,175
759,548,40.44350145974501,-79.94457475841045,188,1,174,175
760,549,40.44351574873472,-79.9445378780365,188,1,174,175
761,550,40.44349074300074,-79.94449898600578,188,1,174,175
762,551,40.44353922349694,-79.94449898600578,189,1,175,176
763,552,40.44356014664765,-79.94445875287056,189,1,175,176
764,553,40.44359484844425,-79.94446747004986,189,1,175,176
765,554,40.443573414983746,-79.94442589581013,190,1,176,177
766,555,40.443587703958165,-79.94438029825687,190,1,176,177
767,556,40.44357596658654,-79.94440913200378,190,2,176,177
768,557,40.44356014664765,-79.94444198906422,189,2,175,176
769,558,40.443582090432855,-79.94448155164719,189,2,175,176
770,559,40.44355402279932,-79.94447886943817,189,2,175,176
771,560,40.44353309964671,-79.94451709091663,189,2,175,176
772,561,40.443510645524476,-79.94450233876705,189,2,175,176
773,562,40.443505031992736,-79.94453452527523,188,2,174,175
774,563,40.443490232679544,-79.94458146393299,188,2,174,175
775,564,40.44351472809271,-79.9446190148592,188,2,174,175
776,565,40.44350145974501,-79.94465656578541,188,2,174,175
777,566,40.44352187258654,-79.94469277560711,188,2,174,175
778,567,40.44350452167162,-79.94471222162247,187,2,173,174
779,568,40.443489212037136,-79.94474172592163,187,2,173,174
780,569,40.443473902399134,-79.94472227990627,187,2,173,174
781,570,40.44344889664958,-79.9447464197874,187,2,173,174
782,571,40.44342746314257,-79.94473032653332,187,2,173,174
783,572,40.44340143673201,-79.94475714862347,187,2,173,174
784,573,40.44338000320985,-79.94474440813065,187,2,173,174
785,574,40.44336928644619,-79.94476519525051,187,2,173,174
786,575,40.44334377033496,-79.9447464197874,187,2,173,174
787,576,40.44332692969695,-79.94477324187756,187,2,173,174
25,25,40.44335703871424,-79.94560539722443,187,3,173,174
26,26,40.44336469354699,-79.94564831256866,187,3,173,174
27,27,40.4434096018815,-79.94563288986683,187,3,173,174
28,28,40.44339990576636,-79.9455913156271,187,3,173,174
29,29,40.44342899410758,-79.94558595120907,187,3,173,174
30,30,40.44343460764568,-79.94561813771725,187,3,173,174
31,31,40.44345297922158,-79.94556181132793,187,3,173,174
32,32,40.44346216500766,-79.94562081992626,187,3,173,174
33,33,40.443495335891335,-79.94560606777668,187,3,173,174
34,34,40.44348563978856,-79.94555577635765,187,3,173,174
35,35,40.44352340354938,-79.9456000328064,187,3,173,174
36,36,40.44351268680862,-79.94554303586483,187,3,173,174
37,37,40.443548409271216,-79.94558528065681,187,3,173,174
38,38,40.4435387131761,-79.94553968310356,187,3,173,174
39,39,40.443565249854075,-79.94552962481976,187,3,173,174
40,40,40.44357392530431,-79.94557991623878,187,3,173,174
110,110,40.443559126006306,-79.94444265961647,189,3,175,176
111,111,40.44358974523996,-79.94449160993099,189,3,175,176
112,112,40.443555553761456,-79.94453385472298,189,3,175,176
113,113,40.44359842068699,-79.94455263018608,189,3,175,176
114,114,40.443606075492234,-79.94459755718708,188,3,174,175
115,115,40.443611689015555,-79.94464114308357,188,3,174,175
116,116,40.443618833499045,-79.94468808174133,188,3,174,175
117,117,40.44362495734147,-79.94473367929459,187,3,173,174
118,118,40.443601992929544,-79.94476921856403,187,3,173,174
254,254,40.443451193096365,-79.94571637362242,187,3,173,174
255,255,40.443423635729886,-79.9457036331296,187,3,173,174
256,256,40.44343486280649,-79.94565920904279,187,3,173,174
257,257,40.44333586033913,-79.94565669447184,187,3,173,174
258,258,40.4433057513124,-79.9456312134862,187,3,173,174
259,259,40.44328661421213,-79.94569022208452,187,3,173,174
260,260,40.44331774389244,-79.94574520736933,187,3,173,174
261,261,40.44330371002197,-79.94577035307884,187,3,173,174
262,262,40.44332412292352,-79.94578208774328,187,3,173,174
263,263,40.44331213034462,-79.94581025093794,187,3,173,174
264,264,40.44333330872721,-79.94582265615463,187,3,173,174
265,265,40.44332208163365,-79.9458535015583,187,3,173,174
266,266,40.44334632194697,-79.94588132947683,187,3,173,174
267,267,40.44333968775681,-79.94592022150755,187,3,173,174
268,268,40.443323612601056,-79.94588367640972,187,3,173,174
269,269,40.44331136486078,-79.94593128561974,187,3,173,174
270,270,40.44327538711078,-79.94590010493994,187,3,173,174
271,271,40.443268370171424,-79.94594670832157,187,3,173,174
272,272,40.443266073718455,-79.94589490815997,187,3,173,174
273,273,40.44324629870308,-79.94587328284979,187,3,173,174
274,274,40.4432508916104,-79.94582902640104,187,3,173,174
275,275,40.44323137175214,-79.94580522179604,187,3,173,174
276,276,40.44323787837219,-79.94576331228018,187,3,173,174
277,277,40.44321146914597,-79.9457054771483,187,3,173,174
278,278,40.44322971320183,-79.94570933282375,187,3,173,174
279,279,40.44325880161671,-79.94567278772593,187,3,173,174
280,280,40.44321784818616,-79.94566658511758,187,3,173,174
320,109,40.443522127747016,-79.94449764490128,189,3,175,176
321,110,40.443504011350555,-79.9445328488946,188,3,174,175
322,111,40.44346037888268,-79.94453351944685,188,3,174,175
323,112,40.44343766957534,-79.94457006454468,188,3,174,175
324,113,40.44339378190345,-79.9445740878582,188,3,174,175
325,114,40.44337643095549,-79.94460560381413,187,3,173,174
326,115,40.44356295341128,-79.94473099708557,187,3,173,174
327,116,40.44355351247861,-79.94478765875101,187,3,173,174
328,117,40.443506818116575,-79.94478832930326,187,3,173,174
329,118,40.44345451018601,-79.94480945169926,187,3,173,174
330,119,40.44342287024731,-79.94480811059475,187,3,173,174
331,120,40.44339327158146,-79.94482185691595,187,3,173,174
332,121,40.44337005192937,-79.9448161572218,187,3,173,174
333,122,40.443349383881795,-79.94483225047588,187,3,173,174
1,1,40.443284572921115,-79.94590111076832,187,4,173,174
2,2,40.44326058774708,-79.94587529450655,187,4,173,174
3,3,40.443268242591266,-79.94581796228886,187,4,173,174
4,4,40.44324323676469,-79.94579516351223,187,4,173,174
5,5,40.443254974194396,-79.945754930377,187,4,173,174
6,6,40.44323098900977,-79.94573213160038,187,4,173,174
7,7,40.443236602564376,-79.94567781686783,187,4,173,174
8,8,40.4432146586664,-79.94567580521107,187,4,173,174
9,9,40.44322333416179,-79.94561210274696,187,4,173,174
10,10,40.44326109806998,-79.9456449598074,187,4,173,174
11,11,40.4432549741944,-79.94561344385147,187,4,173,174
12,12,40.443279469693316,-79.94560942053795,187,4,173,174
13,13,40.44328763485762,-79.94564697146416,187,4,173,174
14,14,40.443317743892464,-79.9456463009119,187,4,173,174
15,15,40.443309068409235,-79.94560673832893,187,4,173,174
16,16,40.4433361155003,-79.94560405611992,187,4,173,174
17,17,40.44334274969079,-79.9456463009119,187,4,173,174
18,18,40.44337234837885,-79.94566105306149,187,4,173,174
19,19,40.443366224513426,-79.94560740888119,187,4,173,174
20,20,40.44341062252511,-79.94560472667217,187,4,173,174
21,21,40.44341317413411,-79.9456449598074,187,4,173,174
22,22,40.443387147718,-79.9455738812685,187,4,173,174
23,23,40.44339071997178,-79.94552291929722,187,4,173,174
24,24,40.443356018069814,-79.94553565979004,187,4,173,174
41,41,40.44334581162465,-79.94559668004513,187,4,173,174
42,42,40.443357549036456,-79.94556918740273,187,4,173,174
43,43,40.44333509485555,-79.94555108249187,187,4,173,174
44,44,40.44334632194689,-79.94551353156567,187,4,173,174
45,45,40.443321826472406,-79.94548536837101,187,4,173,174
46,46,40.44333356388838,-79.94545184075832,187,4,173,174
47,47,40.44330855808664,-79.94542367756367,187,4,173,174
48,48,40.44331825421499,-79.94537740945816,187,4,173,174
49,49,40.443290696793994,-79.94533985853195,187,4,173,174
50,50,40.443300903247504,-79.94530096650124,187,4,173,174
51,51,40.44333662582267,-79.94531840085983,187,4,173,174
52,52,40.44335908000306,-79.9452768266201,187,4,173,174
53,53,40.4434029676976,-79.94527749717236,187,4,173,174
54,54,40.44337694127757,-79.94523793458939,187,4,173,174
55,55,40.443378982565804,-79.94520507752895,187,4,173,174
56,56,40.44335448710335,-79.94516551494598,187,4,173,174
57,57,40.44337081741255,-79.94512662291527,187,4,173,174
58,58,40.44334479098005,-79.94508303701878,187,4,173,174
59,59,40.44335908000306,-79.9450320750475,187,4,173,174
60,60,40.44333560517794,-79.94500391185284,187,4,173,174
61,61,40.44334938388065,-79.94495831429958,187,4,173,174
62,62,40.44332590905211,-79.94492143392563,187,4,173,174
63,63,40.44332131614991,-79.94488053023815,187,4,173,174
64,64,40.44331723356995,-79.94483962655067,187,4,173,174
65,65,40.44334479098005,-79.94487449526787,187,4,173,174
66,66,40.44338306514201,-79.94483828544617,187,4,173,174
67,67,40.44335448710315,-79.94481146335602,187,4,173,174
68,68,40.44337183805677,-79.94477860629559,187,4,173,174
69,69,40.44334632194697,-79.94475111365318,187,4,173,174
70,70,40.44335703871424,-79.94472026824951,187,4,173,174
71,71,40.44333662582267,-79.94467802345753,187,4,173,174
72,72,40.44335040452518,-79.94463980197906,187,4,173,174
73,73,40.44332846066427,-79.94457609951496,187,4,173,174
74,74,40.44336367290267,-79.94460359215736,187,4,173,174
75,75,40.44334989420289,-79.94455263018608,187,4,173,174
76,76,40.443380513531885,-79.94458951056004,187,4,173,174
77,77,40.44339020964982,-79.94455195963383,188,4,174,175
78,78,40.44343817989694,-79.94455330073833,188,4,174,175
79,79,40.443442262469574,-79.94451843202114,188,4,174,175
80,80,40.443481046897304,-79.94452714920044,188,4,174,175
81,81,40.44350145974501,-79.94448825716972,189,4,175,176
82,82,40.44353412028846,-79.94449630379677,189,4,175,176
83,83,40.44355147119571,-79.94445741176605,189,4,175,176
84,84,40.44358515235583,-79.94447350502014,189,4,175,176
85,85,40.44359382780341,-79.9444379657507,190,4,176,177
86,86,40.44356627049542,-79.94441248476505,190,4,176,177
87,87,40.44319934896586,-79.94558461010456,187,4,173,174
88,88,40.443164646965094,-79.94562618434429,187,4,173,174
89,89,40.443170770848894,-79.94566172361374,187,4,173,174
90,90,40.443122290086905,-79.94563221931458,187,4,173,174
91,91,40.443102387448256,-79.94570463895798,187,4,173,174
92,92,40.443049313716195,-79.94566239416599,187,4,173,174
93,93,40.443031452354724,-79.94573347270489,187,4,173,174
94,94,40.44298246116718,-79.9456912279129,187,4,173,174
95,95,40.44296613076345,-79.94576297700405,187,4,173,174
96,96,40.44291764985392,-79.94571536779404,187,4,173,174
97,97,40.44289162324588,-79.94578778743744,187,4,173,174
98,98,40.44283905967365,-79.94574084877968,187,4,173,174
99,99,40.44280588846612,-79.94579114019871,187,4,173,174
100,100,40.44276557266874,-79.94577169418335,187,4,173,174
101,101,40.44273801502116,-79.94581460952759,187,4,173,174
102,102,40.44270229212789,-79.94579046964645,187,4,173,174
103,103,40.44268902361984,-79.94583204388618,187,4,173,174
104,104,40.442644114803926,-79.94581863284111,187,4,173,174
105,105,40.44265330070051,-79.94587495923042,187,4,173,174
106,106,40.44269820951032,-79.94588702917099,187,4,173,174
188,188,40.44327283549636,-79.94593799114227,187,4,173,174
189,189,40.44332386776225,-79.94593128561968,187,4,173,174
190,190,40.44333560517794,-79.94588568806648,187,4,173,174
191,191,40.44336265225835,-79.94591787457466,187,4,173,174
192,192,40.44335474226431,-79.94587663561106,187,4,173,174
193,193,40.443332543243635,-79.94585283100605,187,4,173,174
194,194,40.443342494529624,-79.94581528007984,187,4,173,174
195,195,40.44331774389252,-79.94577873498201,187,4,173,174
196,196,40.443323867762274,-79.94572576135397,187,4,173,174
197,197,40.443301413570204,-79.94570128619671,187,4,173,174
198,198,40.44331059937694,-79.94566172361374,187,4,173,174
199,199,40.44336979676832,-79.94578208774328,187,4,173,174
200,200,40.44341317413411,-79.94578778743744,187,4,173,174
201,201,40.44343562828891,-79.94575962424278,187,4,173,174
202,202,40.443451958578606,-79.94577504694462,187,4,173,174
203,203,40.44346318565046,-79.94573883712292,187,4,173,174
204,204,40.44349788749711,-79.9457435309887,187,4,173,174
205,205,40.443509880042875,-79.94571201503277,187,4,173,174
206,206,40.44349967362109,-79.94566272944212,187,4,173,174
207,207,40.44348819139472,-79.94569055736065,187,4,173,174
208,208,40.44347836771058,-79.94564143940806,187,4,173,174
209,209,40.44346318565046,-79.9455738812685,187,4,173,174
210,210,40.44348615010981,-79.94557991623878,187,4,173,174
211,211,40.443518810660684,-79.94560405611992,187,4,173,174
212,212,40.44353054804228,-79.94555845856667,187,4,173,174
213,213,40.44354305090304,-79.94561042636633,187,4,173,174
214,214,40.443535651251025,-79.9456550180912,187,4,173,174
215,215,40.44355836052529,-79.94569189846516,187,4,173,174
216,216,40.44355223667679,-79.94573816657066,187,4,173,174
217,217,40.44356295341128,-79.94578074663877,187,4,173,174
218,218,40.44359153136151,-79.94574889540672,187,4,173,174
219,219,40.443615771577626,-79.9457659944892,187,4,173,174
220,220,40.44361092353512,-79.94581192731857,187,4,173,174
221,221,40.44363516374425,-79.9458434432745,187,4,173,174
222,222,40.443642563385296,-79.94588904082775,187,4,173,174
223,223,40.44360760645317,-79.94585651904345,187,4,173,174
224,224,40.44358974523999,-79.9459121748805,187,4,173,174
225,225,40.44355019539386,-79.94587663561106,187,4,173,174
226,226,40.44353412028846,-79.94592122733593,187,4,173,174
227,227,40.4435384580157,-79.9458585307002,187,4,173,174
228,228,40.44351549357421,-79.9458246678114,187,4,173,174
229,229,40.443524934512226,-79.94579046964645,187,4,173,174
230,230,40.44350477683218,-79.94577270001173,187,4,173,174
231,231,40.44266810019798,-79.94593665003777,187,4,173,174
232,232,40.44269616820142,-79.94597336277366,187,4,173,174
233,233,40.44269055460167,-79.9460419267416,187,4,173,174
234,234,40.44271747435987,-79.946069419384,187,4,173,174
235,235,40.44270867121751,-79.94613010436296,187,4,173,174
236,236,40.442744904433866,-79.94620956480503,187,4,173,174
237,237,40.44275128351935,-79.94624141603708,187,4,173,174
238,238,40.44274311829013,-79.94630109518766,187,4,173,174
239,239,40.44277628952865,-79.9463577568531,187,4,173,174
240,240,40.442764807178676,-79.946407712996,187,4,173,174
241,241,40.442796957753636,-79.94645532220602,187,4,173,174
242,242,40.44278241344792,-79.94649153202772,187,4,173,174
243,243,40.44280997107715,-79.94652807712555,187,4,173,174
244,244,40.44279032350929,-79.94653310626745,187,4,173,174
245,245,40.442734697896164,-79.94659680873156,187,4,173,174
246,246,40.44282119825503,-79.94659312069416,187,4,173,174
247,247,40.44274592508883,-79.94665045291185,187,4,173,174
248,248,40.44283574255369,-79.94664844125509,187,4,173,174
249,249,40.44283727353149,-79.9466896802187,187,4,173,174
250,250,40.44279695775342,-79.9466997385025,187,4,173,174
251,251,40.44275944874802,-79.9467171728611,187,4,173,174
252,252,40.44343282151996,-79.94571771472692,187,4,173,174
253,253,40.44344532439888,-79.94567044079304,187,4,173,174
334,123,40.44360454453125,-79.94439035654068,190,4,176,177
335,124,40.44357749754819,-79.94434274733067,190,4,176,177
336,125,40.443630570863185,-79.9443393945694,190,4,176,177
337,126,40.44368874733342,-79.9443843215704,190,4,176,177
338,127,40.443690278292465,-79.94429513812065,190,4,176,177
339,128,40.4437525372648,-79.94435079395771,190,4,176,177
340,129,40.443775501625424,-79.94431056082249,190,4,176,177
341,130,40.44377958417745,-79.94435884058475,190,4,176,177
342,131,40.443812244585764,-79.94439572095871,190,4,176,177
343,132,40.44381377554202,-79.9444654583931,189,4,175,176
344,133,40.4438694002621,-79.94446344673634,189,4,175,176
345,134,40.44383061605846,-79.94452312588692,189,4,175,176
346,135,40.44388522012822,-79.94452580809593,189,4,175,176
347,136,40.443849497844596,-79.94459085166454,189,4,175,176
348,137,40.44393012811498,-79.94459420442581,189,4,175,176
349,138,40.44397044321391,-79.94452513754368,189,4,175,176
350,139,40.44395156145393,-79.94446881115437,189,4,175,176
351,140,40.44396891226537,-79.94442991912365,189,4,175,176
352,141,40.44384898752623,-79.94440108537674,190,4,176,177
353,142,40.44387909630322,-79.94436219334602,190,4,176,177
354,143,40.443921963028714,-79.94436018168926,190,4,176,177
355,144,40.44395105114403,-79.94432531297207,190,4,176,177
803,592,40.44360760645317,-79.94451239705086,189,4,175,176
804,593,40.443592807162574,-79.94454860687256,189,4,175,176
805,594,40.44361832317882,-79.944584146142,189,4,175,176
806,595,40.44360148260919,-79.94461700320244,188,4,174,175
807,596,40.443628529582604,-79.9446451663971,188,4,174,175
808,597,40.44361781285859,-79.94468808174133,188,4,174,175
809,598,40.443639756625,-79.94472362101078,187,4,173,174
810,599,40.4436208747799,-79.94473837316036,187,4,173,174
811,600,40.44357800786872,-79.94472093880177,187,4,173,174
812,601,40.443569842739684,-79.94476452469826,187,4,173,174
813,602,40.44353258932584,-79.94478732347488,187,4,173,174
814,603,40.44350350102943,-79.94478464126587,187,4,173,174
815,604,40.44348972235832,-79.94481481611729,187,4,173,174
816,605,40.44346930950706,-79.9447900056839,187,4,173,174
817,606,40.443452468900105,-79.94483157992363,187,4,173,174
818,607,40.44341317413411,-79.94480274617672,187,4,173,174
819,608,40.4434096018815,-79.94486175477505,187,4,173,174
107,107,40.44268902361984,-79.94588166475296,187,5,173,174
108,108,40.44268085838282,-79.94583941996098,187,5,173,174
109,109,40.44266861052542,-79.94580991566181,187,5,173,174
119,119,40.44332641937456,-79.94466930627823,187,5,173,174
120,120,40.44335908000306,-79.94463309645653,187,5,173,174
121,121,40.4433223367949,-79.94459487497807,187,5,173,174
122,122,40.443319274859974,-79.94454994797707,187,5,173,174
123,123,40.44335908000312,-79.94458213448524,187,5,173,174
124,124,40.44328559356666,-79.94456939399242,187,5,173,174
125,125,40.44327385614226,-79.94460627436638,187,5,173,174
126,126,40.44325395354845,-79.94457341730595,187,5,173,174
127,127,40.443281000661834,-79.9445191025734,187,5,173,174
128,128,40.44324476773422,-79.94449697434902,187,5,173,174
129,129,40.44327181485138,-79.94445405900478,187,5,173,174
130,130,40.44323711288748,-79.94441919028759,187,5,173,174
131,131,40.443262629038436,-79.94437225162983,188,5,174,175
132,132,40.443227416747355,-79.94433470070362,188,5,174,175
133,133,40.44325140193327,-79.94428910315037,188,5,174,175
134,134,40.44321823092955,-79.94425356388092,188,5,174,175
135,135,40.44324017482633,-79.9442046135664,188,5,174,175
136,136,40.443208534786876,-79.94415834546089,188,5,174,175
137,137,40.44322996836333,-79.94410403072834,188,5,174,175
138,138,40.44319781799566,-79.9440611153841,188,5,174,175
139,139,40.44321925157614,-79.9440061300993,190,5,176,177
140,140,40.44318608055569,-79.94396321475506,190,5,176,177
141,141,40.443206493493165,-79.94390822947025,190,5,176,177
142,142,40.44317383278998,-79.94385927915573,190,5,176,177
143,143,40.443192204437665,-79.94381368160248,190,5,176,177
144,144,40.44315903340448,-79.94376607239246,190,5,176,177
145,145,40.44318557023221,-79.94376204907894,190,5,176,177
146,146,40.4431493372532,-79.94373120367527,190,5,176,177
147,147,40.44312331073493,-79.94367621839046,190,5,176,177
148,148,40.443117697170855,-79.94360715150833,190,5,176,177
149,149,40.44313351721389,-79.9435468018055,190,5,176,177
150,150,40.44316923987801,-79.94350053369999,190,5,176,177
151,151,40.443137089481155,-79.94351863861084,190,5,176,177
152,152,40.44318659087951,-79.94353003799915,190,5,176,177
153,153,40.44301103936428,-79.94260266423225,190,5,176,177
154,154,40.443014101313175,-79.94263283908367,190,5,176,177
155,155,40.44305696858399,-79.94259126484394,190,5,176,177
156,156,40.443082484803654,-79.94260936975479,190,5,176,177
157,157,40.4431090216618,-79.94256645441055,190,5,176,177
158,158,40.44316719858341,-79.94257852435112,190,5,176,177
159,159,40.443199859289265,-79.94253292679787,190,5,176,177
160,160,40.443256505163355,-79.9425470083952,190,5,176,177
161,161,40.443291207116694,-79.94249872863293,190,5,176,177
162,162,40.44334887355836,-79.94251616299152,190,5,176,177
163,163,40.443384596108054,-79.9424658715725,190,5,176,177
164,164,40.44339276125814,-79.94249939918518,190,5,176,177
165,165,40.443441752146754,-79.94247928261757,190,5,176,177
166,166,40.44343460764347,-79.94244642555714,190,5,176,177
167,167,40.44348870171586,-79.94246117770672,190,5,176,177
168,168,40.44352544483164,-79.94241558015347,190,5,176,177
169,169,40.44357953883029,-79.94243368506432,190,5,176,177
170,170,40.44361475093714,-79.94238138198853,190,5,176,177
171,171,40.443671396461575,-79.94239814579487,190,5,176,177
172,172,40.44370762915942,-79.9423485249281,190,5,176,177
173,173,40.44376325396734,-79.94236528873444,190,5,176,177
174,174,40.443796935021325,-79.9423136562109,190,5,176,177
175,175,40.443804589803996,-79.9423485249281,190,5,176,177
176,176,40.44384541529677,-79.94229823350906,190,5,176,177
177,177,40.443852049436934,-79.94233042001724,190,5,176,177
178,178,40.442991647017564,-79.94256980717182,190,5,176,177
179,179,40.44302226650969,-79.94266301393509,190,5,176,177
180,180,40.44318199796774,-79.94348041713238,190,5,176,177
181,181,40.44316923987801,-79.94337648153305,190,5,176,177
182,182,40.44299623994228,-79.94260601699352,190,5,176,177
183,183,40.44301103936422,-79.94266167283058,190,5,176,177
184,184,40.44301665293724,-79.94269050657749,190,5,176,177
185,185,40.44302175618498,-79.94270794093609,190,5,176,177
186,186,40.44316056437559,-79.94333624839783,190,5,176,177
187,187,40.443185570232416,-79.94345963001251,190,5,176,177
281,281,40.44317000536345,-79.94235053658485,190,5,176,177
282,282,40.443188377011666,-79.9423810467124,190,5,176,177
283,283,40.443216189636246,-79.9423374608159,190,5,176,177
284,284,40.44326288420026,-79.94235321879387,190,5,176,177
285,285,40.44330319969936,-79.94229689240456,190,5,176,177
286,286,40.44334045324032,-79.94232673197985,190,5,176,177
287,287,40.44335908000306,-79.9422925338149,190,5,176,177
288,288,40.44340730543329,-79.94230024516582,190,5,176,177
289,289,40.4433792377268,-79.9422100558877,190,5,176,177
290,290,40.44333356388841,-79.9421513825655,190,5,176,177
291,291,40.44334887355836,-79.94207058101892,190,5,176,177
292,292,40.44331901969873,-79.94204543530941,190,5,176,177
293,293,40.443309068409235,-79.94207929819822,190,5,176,177
294,294,40.44326033258556,-79.94207058101892,190,5,176,177
295,295,40.443226140939494,-79.94210980832577,190,5,176,177
296,296,40.44318174280594,-79.9421014264226,190,5,176,177
297,297,40.443173577628784,-79.94213797152042,190,5,176,177
298,298,40.44312764848869,-79.94211886078119,190,5,176,177
299,299,40.44316005405188,-79.9421907775104,190,5,176,177
300,300,40.44318761152643,-79.94221424683928,190,5,176,177
301,301,40.443172556981565,-79.94223369285464,190,5,176,177
302,302,40.4431775326366,-79.94225649163127,190,5,176,177
303,303,40.443197945576486,-79.94226168841124,190,5,176,177
304,304,40.4431844220045,-79.94230007752776,190,5,176,177
314,314,40.443446345041956,-79.94226034730673,190,5,176,177
315,315,40.44349814265767,-79.94227442890406,190,5,176,177
316,316,40.44353309964671,-79.94223084300756,190,5,176,177
317,317,40.443591786521715,-79.94224593043327,190,5,176,177
318,318,40.443630570863185,-79.94219463318586,190,5,176,177
319,319,40.44368466477574,-79.94221340864897,190,5,176,177
356,145,40.4434070502724,-79.94459554553032,187,5,173,174
357,146,40.44344634504161,-79.94454927742481,188,5,174,175
358,147,40.443484108824855,-79.94455195963383,188,5,174,175
359,148,40.443516259055734,-79.9445103853941,189,5,175,176
360,149,40.44355172635609,-79.94451709091663,189,5,175,176
361,150,40.443573414983746,-79.94448021054268,189,5,175,176
362,151,40.443598931007365,-79.94449160993099,189,5,175,176
363,152,40.44358362139435,-79.94453318417072,189,5,175,176
364,153,40.44360658581256,-79.94455866515636,189,5,175,176
365,154,40.44359127620131,-79.9445915222168,188,5,174,175
366,155,40.44361628189788,-79.94462236762047,188,5,174,175
367,156,40.44358974523999,-79.94443595409393,190,5,176,177
368,157,40.443565249854146,-79.94440779089928,190,5,176,177
369,158,40.443580049150825,-79.94436420500278,190,5,176,177
370,159,40.44355759504425,-79.94435079395771,190,5,176,177
371,160,40.443519831302645,-79.94434140622616,190,5,176,177
372,161,40.44350452167162,-79.94439572095871,189,5,175,176
373,162,40.443446855363504,-79.9444030970335,188,5,174,175
374,163,40.443432056037516,-79.94445204734802,188,5,174,175
375,164,40.44338663739602,-79.94445137679577,188,5,174,175
376,165,40.443357549036456,-79.94452379643917,188,5,174,175
377,166,40.443345301302344,-79.94471155107021,187,5,173,174
378,167,40.44334019807915,-79.94475983083248,187,5,173,174
379,168,40.443362141936184,-79.94480341672897,187,5,173,174
380,169,40.44336316258051,-79.94487784802914,187,5,173,174
381,170,40.44338969932787,-79.94489930570126,187,5,173,174
788,577,40.44341419477767,-79.94486443698406,187,5,173,174
789,578,40.44345451018601,-79.94485840201378,187,5,173,174
790,579,40.443481557218576,-79.94483090937138,187,5,173,174
791,580,40.44352697579593,-79.9448262155056,187,5,173,174
792,581,40.44353412028846,-79.94477592408657,187,5,173,174
793,582,40.44358974523999,-79.94479604065418,187,5,173,174
794,583,40.44354840927122,-79.94473300874233,187,5,173,174
795,584,40.44357443562489,-79.94471356272697,187,5,173,174
796,585,40.443535651251025,-79.94469612836838,188,5,174,175
797,586,40.44356473953352,-79.94465924799442,188,5,174,175
798,587,40.443517279697744,-79.94465589523315,188,5,174,175
799,588,40.44353463060932,-79.94461834430695,188,5,174,175
800,589,40.44355249183719,-79.94464047253132,188,5,174,175
801,590,40.44356831177786,-79.94461230933666,188,5,174,175
802,591,40.443591786521715,-79.94463242590427,188,5,174,175
305,305,40.44367267226114,-79.94222279638052,190,6,176,177
306,306,40.44371553911197,-79.94225732982159,190,6,176,177
307,307,40.44376657104145,-79.94221609085798,190,6,176,177
308,308,40.44381862356989,-79.94221609085798,190,6,176,177
309,309,40.44386149032765,-79.94217853993177,190,6,176,177
310,310,40.44391226698749,-79.94218289852142,190,6,176,177
311,311,40.44390767412536,-79.94215574115515,190,6,176,177
312,312,40.44389083362289,-79.94207795709372,190,6,176,177
313,313,40.443850773639504,-79.9420963972807,190,6,176,177
382,171,40.443112083606295,-79.94478397071362,187,6,173,174
383,172,40.443164136641435,-79.9447725713253,187,6,173,174
384,173,40.44319628702534,-79.94473703205585,187,6,173,174
385,174,40.44322792707069,-79.94473837316036,187,6,173,174
386,175,40.44322435480826,-79.94469612836838,187,6,173,174
387,176,40.44322690642431,-79.9446364492178,187,6,173,174
388,177,40.44319118379082,-79.94460292160511,187,6,173,174
389,178,40.44317791537928,-79.94454860687256,187,6,173,174
390,179,40.44314984757697,-79.9445278197527,187,6,173,174
391,180,40.443145764986575,-79.94448490440845,187,6,173,174
392,181,40.443117697170855,-79.94446881115437,187,6,173,174
393,182,40.44325905677818,-79.94472831487656,187,6,173,174
394,183,40.44329477937559,-79.94469076395035,187,6,173,174
395,184,40.44333356388841,-79.94468405842781,187,6,173,174
396,185,40.44335397678091,-79.94463913142681,187,6,173,174
397,186,40.44339480254729,-79.94463443756104,187,6,173,174
398,187,40.44342184960391,-79.94458213448524,188,6,174,175
399,188,40.443452468900105,-79.94455061852932,188,6,174,175
400,189,40.443496866854815,-79.944539219141,188,6,174,175
401,190,40.44352748611685,-79.94449965655804,189,6,175,176
402,191,40.44358617299677,-79.94449093937874,189,6,175,176
403,192,40.443580559471336,-79.94440846145153,190,6,176,177
404,193,40.44363873598484,-79.9444567412138,189,6,175,176
405,194,40.44360658581256,-79.94440041482449,190,6,176,177
406,195,40.443607096132865,-79.94433134794235,190,6,176,177
407,196,40.44357902850979,-79.94429647922516,190,6,176,177
408,197,40.44361219933581,-79.94428507983685,190,6,176,177
409,198,40.44363108118331,-79.94424752891064,190,6,176,177
410,199,40.44356116728907,-79.94433738291264,190,6,176,177
411,200,40.443519831302645,-79.94434610009193,190,6,176,177
412,201,40.443505031992736,-79.9443843215704,190,6,176,177
413,202,40.44346828886434,-79.94439572095871,189,6,175,176
414,203,40.44348308818236,-79.94445875287056,188,6,174,175
415,204,40.443449917292604,-79.94467735290527,187,6,173,174
416,205,40.44350248038725,-79.94464717805386,188,6,174,175
417,206,40.44354075445941,-79.94465187191963,188,6,174,175
418,207,40.443566270490514,-79.94461968541145,188,6,174,175
419,208,40.443598931007365,-79.9446203559637,188,6,174,175
420,209,40.443604034210914,-79.94459353387356,188,6,174,175
421,210,40.443641287585166,-79.94459822773933,189,6,175,176
422,211,40.44366884486242,-79.94456067681313,189,6,175,176
423,212,40.44369997436573,-79.94457140564919,189,6,175,176
424,213,40.443618833499045,-79.94452312588692,189,6,175,176
425,214,40.443558105364936,-79.94467601180077,188,6,174,175
426,215,40.44357392530431,-79.94470752775669,187,6,173,174
427,216,40.44356116728897,-79.94473300874233,187,6,173,174
428,217,40.4436713964616,-79.94438968598843,190,6,176,177
429,218,40.44372702129952,-79.94439505040646,190,6,176,177
430,219,40.443782646091414,-79.94434207677841,190,6,176,177
431,220,40.44382449223479,-79.94434542953968,190,6,176,177
432,221,40.44384592561519,-79.94431592524052,190,6,176,177
433,222,40.44385051848154,-79.94436152279377,190,6,176,177
434,223,40.443843374022656,-79.9443930387497,190,6,176,177
435,224,40.443868889943786,-79.94442254304886,189,6,175,176
436,225,40.443866338352116,-79.94446411728859,189,6,175,176
437,226,40.44388777171918,-79.94449831545353,189,6,175,176
438,227,40.44388011694602,-79.9445291608572,189,6,175,176
439,228,40.44390461221724,-79.94455732405186,189,6,175,176
440,229,40.443900019354366,-79.94459621608257,189,6,175,176
441,230,40.44391890112109,-79.94460426270962,189,6,175,176
442,231,40.44391583921336,-79.94465053081512,189,6,175,176
443,232,40.44393472097558,-79.94466327130795,189,6,175,176
444,233,40.443933700339905,-79.94472093880177,189,6,175,176
445,234,40.44395717495616,-79.94474239647388,187,6,173,174
446,235,40.44393727256465,-79.94457677006721,189,6,175,176
447,236,40.443968401943636,-79.94458682835102,189,6,175,176
448,237,40.443985242421356,-79.94455195963383,189,6,175,176
449,238,40.44400361384678,-79.9445640295744,189,6,175,176
450,239,40.44399187654778,-79.94459554553032,189,6,175,176
451,240,40.44400616543329,-79.9446190148592,189,6,175,176
452,241,40.44398779400816,-79.94463510811329,189,6,175,176
453,242,40.44400769638476,-79.9446813762188,189,6,175,176
454,243,40.44399187654778,-79.94473904371262,189,6,175,176
455,244,40.44400412416408,-79.94452446699142,189,6,175,176
456,245,40.44399085591299,-79.94449697434902,189,6,175,176
457,246,40.44400412416408,-79.94445472955704,189,6,175,176
458,247,40.443983711469016,-79.94441784918308,189,6,175,176
459,248,40.44400361384678,-79.94438633322716,189,6,175,176
460,249,40.443984221786444,-79.94435414671898,190,6,176,177
461,250,40.44400361384678,-79.94432128965855,190,6,176,177
462,251,40.44398626305624,-79.94428239762783,190,6,176,177
463,252,40.44396125749729,-79.94427837431431,190,6,176,177
464,253,40.443940334471414,-79.94430251419544,190,6,176,177
465,254,40.44390767412536,-79.94430117309093,190,6,176,177
466,255,40.44388266853716,-79.94433671236038,190,6,176,177
467,256,40.44400157257752,-79.9442508816719,190,6,176,177
468,257,40.4439847321039,-79.94422674179077,190,6,176,177
469,258,40.44400208289485,-79.94418248534203,190,6,176,177
470,259,40.44398320115154,-79.94414828717709,190,6,176,177
471,260,40.443959216226766,-79.94417041540146,190,6,176,177
472,261,40.443921452710775,-79.94416438043118,190,6,176,177
473,262,40.44388930267371,-79.94418784976006,190,6,176,177
474,263,40.44385255975538,-79.94417980313301,190,6,176,177
475,264,40.443837760518704,-79.94419656693935,190,6,176,177
476,265,40.443804589803975,-79.94418986141682,190,6,176,177
477,266,40.44379234215133,-79.94422473013401,190,6,176,177
478,267,40.44383010573984,-79.94424685835838,190,6,176,177
479,268,40.44380561044161,-79.94428172707558,190,6,176,177
480,269,40.443164136641435,-79.94478397071362,187,7,173,174
481,270,40.443193225084684,-79.94474977254868,187,7,173,174
482,271,40.44323711288751,-79.94474306702614,187,7,173,174
483,272,40.443249360641346,-79.9447175860405,187,7,173,174
484,273,40.44326160839291,-79.94464315474033,187,7,173,174
485,274,40.44330498582851,-79.94472026824951,187,7,173,174
486,275,40.44331876453748,-79.9446726590395,187,7,173,174
487,276,40.44334938388065,-79.94468003511429,187,7,173,174
488,277,40.44335448710313,-79.94463846087456,187,7,173,174
489,278,40.44339939544448,-79.94463175535202,187,7,173,174
490,279,40.44341827735175,-79.944584146142,188,7,174,175
491,280,40.44344481407735,-79.944584146142,188,7,174,175
492,281,40.443436648932135,-79.94462572038174,187,7,173,174
493,282,40.443465737257455,-79.94465455412865,187,7,173,174
494,283,40.44346420629326,-79.94470149278641,187,7,173,174
495,284,40.44348666043103,-79.94471557438374,187,7,173,174
496,285,40.443488701715935,-79.94477055966854,187,7,173,174
497,286,40.44351115584549,-79.94470819830894,187,7,173,174
498,287,40.44352901707959,-79.9447913467884,187,7,173,174
499,288,40.44353922349694,-79.94468741118908,188,7,174,175
500,289,40.44357800786872,-79.94471825659275,187,7,173,174
501,290,40.44360760645317,-79.94467198848724,188,7,174,175
502,291,40.443630570863185,-79.94469746947289,187,7,173,174
503,292,40.44364996302553,-79.9446465075016,188,7,174,175
504,293,40.44368466477574,-79.9446639418602,188,7,174,175
505,294,40.44369231957116,-79.94470685720444,187,7,173,174
506,295,40.443686706054585,-79.94474574923515,187,7,173,174
507,296,40.44370660852029,-79.94477324187756,187,7,173,174
508,297,40.443658638465095,-79.94462102651596,188,7,174,175
509,298,40.44366782422273,-79.94458548724651,189,7,175,176
510,299,40.44364792174553,-79.9445653706789,189,7,175,176
511,300,40.44364639078551,-79.94451440870762,189,7,175,176
512,301,40.443630570863185,-79.94450569152832,189,7,175,176
513,302,40.443636694704516,-79.94446143507957,189,7,175,176
514,303,40.44361475093712,-79.94443461298943,190,7,176,177
515,304,40.44361832317882,-79.94438968598843,190,7,176,177
516,305,40.443598931007365,-79.944356828928,190,7,176,177
517,306,40.44360403421104,-79.94431793689728,190,7,176,177
518,307,40.443585662676284,-79.94430653750896,190,7,176,177
519,308,40.44359127620131,-79.94427300989628,190,7,176,177
520,309,40.44362955022322,-79.94425557553768,190,7,176,177
521,310,40.44355147119571,-79.94430787861347,190,7,176,177
522,311,40.44354279574264,-79.9443393945694,190,7,176,177
523,312,40.443511666166536,-79.9443393945694,190,7,176,177
524,313,40.4435055423138,-79.94437292218208,190,7,176,177
525,314,40.443484108824855,-79.94437292218208,190,7,176,177
526,315,40.44348002625474,-79.9444030970335,189,7,175,176
527,316,40.44345348954305,-79.94439505040646,188,7,174,175
528,317,40.443477984969604,-79.94446143507957,188,7,174,175
529,318,40.443433076680776,-79.94450435042381,188,7,174,175
530,319,40.4434790056122,-79.94455195963383,188,7,174,175
531,320,40.44345451018601,-79.94454592466354,188,7,174,175
532,321,40.44349380492786,-79.94450837373734,188,7,174,175
533,322,40.44351779001871,-79.94452111423016,188,7,174,175
534,323,40.443538202855265,-79.94448624551296,189,7,175,176
535,324,40.44356167760949,-79.94449630379677,189,7,175,176
536,325,40.44357749754819,-79.94445741176605,189,7,175,176
537,326,40.443598931007365,-79.94446881115437,189,7,175,176
538,327,40.44357953882941,-79.94442656636238,190,7,176,177
539,328,40.44359637940544,-79.94439907371998,190,7,176,177
540,329,40.44322996836343,-79.94467534124851,187,7,173,174
541,330,40.443219251575854,-79.9446203559637,187,7,173,174
542,331,40.443186080555925,-79.94460560381413,187,7,173,174
543,332,40.44318097732065,-79.94455598294735,187,7,173,174
544,333,40.44315188887208,-79.94453519582748,187,7,173,174
545,334,40.44313811012891,-79.94448758661747,187,7,173,174
546,335,40.4431187178189,-79.94447350502014,187,7,173,174
547,336,40.44366221070412,-79.94440443813801,190,7,176,177
548,337,40.44370201564422,-79.94436554610729,190,7,176,177
549,338,40.44375917141419,-79.94436353445053,190,7,176,177
550,339,40.44377856353944,-79.94432799518108,190,7,176,177
551,340,40.44382092000406,-79.94432665407658,190,7,176,177
552,341,40.44384031211146,-79.94429379701614,190,7,176,177
553,342,40.443804589803975,-79.94425892829895,190,7,176,177
554,343,40.44381326522327,-79.94420863687992,190,7,176,177
555,344,40.44378060481544,-79.94419321417809,190,7,176,177
556,345,40.44380918267315,-79.94417041540146,190,7,176,177
557,346,40.44383929147437,-79.94417242705822,190,7,176,177
558,347,40.44385715262127,-79.9441509693861,190,7,176,177
559,348,40.44388675108282,-79.94416438043118,190,7,176,177
560,349,40.44391124635147,-79.94413621723652,190,7,176,177
561,350,40.44394645828453,-79.94414560496807,190,7,176,177
562,351,40.443973505119146,-79.94412012398243,190,7,176,177
563,352,40.44399442813469,-79.94416303932667,190,7,176,177
564,353,40.44397911861175,-79.94421400129795,190,7,176,177
565,354,40.44399749003883,-79.94425289332867,190,7,176,177
566,355,40.443972484484085,-79.94423948228359,190,7,176,177
567,356,40.44395717495616,-79.94427099823952,190,7,176,177
568,357,40.4439311487507,-79.94426295161247,190,7,176,177
569,358,40.443914308259444,-79.94429245591164,190,7,176,177
570,359,40.44388011694602,-79.94429245591164,190,7,176,177
571,360,40.44384694625219,-79.94433268904686,190,7,176,177
572,361,40.44384388434118,-79.9443843215704,190,7,176,177
573,362,40.44387093121706,-79.94440846145153,189,7,175,176
574,363,40.44386480739705,-79.94444936513901,189,7,175,176
575,364,40.443892874900826,-79.94449496269226,189,7,175,176
576,365,40.44389542649148,-79.9445465952158,189,7,175,176
577,366,40.443914308259444,-79.94455799460411,189,7,175,176
578,367,40.44391022571546,-79.9446089565754,189,7,175,176
579,368,40.44393727256465,-79.94463242590427,189,7,175,176
580,369,40.44393625192903,-79.94468003511429,189,7,175,176
581,370,40.44396482972054,-79.94471691548824,189,7,175,176
582,371,40.443937782882465,-79.94457609951496,189,7,175,176
583,372,40.4439505408263,-79.94454994797707,189,7,175,176
584,373,40.443973505119146,-79.94455732405186,189,7,175,176
585,374,40.443989324960754,-79.94452312588692,189,7,175,176
586,375,40.44401024797137,-79.94456671178341,189,7,175,176
587,376,40.443992386865155,-79.9446089565754,189,7,175,176
588,377,40.4440127995576,-79.94465120136738,189,7,175,176
589,378,40.44399851067354,-79.94471423327923,189,7,175,176
590,379,40.44400565511596,-79.94448691606522,189,7,175,176
591,380,40.44399034559559,-79.94444735348225,189,7,175,176
592,381,40.443999531308215,-79.94439907371998,189,7,175,176
593,382,40.443988814643355,-79.94436152279377,190,7,176,177
594,383,40.44399851067354,-79.94432799518108,190,7,176,177
595,384,40.443985242421356,-79.94429245591164,190,7,176,177
596,385,40.443120248790954,-79.9444654583931,187,8,173,174
597,386,40.44314755111991,-79.94448624551296,187,8,173,174
598,387,40.44315852308076,-79.94453653693199,187,8,173,174
599,388,40.443189142496934,-79.94455799460411,187,8,173,174
600,389,40.443194756055036,-79.94460090994835,187,8,173,174
601,390,40.443223844485026,-79.9446190148592,187,8,173,174
602,391,40.44323047868661,-79.94468539953232,187,8,173,174
603,392,40.44326926323652,-79.94461163878441,187,8,173,174
604,393,40.443260587747034,-79.9447276443243,187,8,173,174
605,394,40.44329069679362,-79.94473434984684,187,8,173,174
606,395,40.44329375873022,-79.94477659463882,187,8,173,174
607,396,40.443322847117365,-79.94478933513165,187,8,173,174
608,397,40.443336625822674,-79.94483895599842,187,8,173,174
609,398,40.44339225093763,-79.94482889771461,187,8,173,174
610,399,40.44337336902305,-79.94489125907421,187,8,173,174
611,400,40.4434070502724,-79.94486510753632,187,8,173,174
612,401,40.443427973464246,-79.9448349326849,187,8,173,174
613,402,40.44346012372197,-79.94484029710293,187,8,173,174
614,403,40.44348308818236,-79.9448074400425,187,8,173,174
615,404,40.44351217648757,-79.94481414556503,187,8,173,174
616,405,40.443481046897304,-79.94475647807121,187,8,173,174
617,406,40.44348257786104,-79.94471691548824,187,8,173,174
618,407,40.443464206293534,-79.94469545781612,187,8,173,174
619,408,40.44346777854297,-79.94465991854668,187,8,173,174
620,409,40.44343971086172,-79.94464382529259,187,8,173,174
621,410,40.44344838632808,-79.94460560381413,188,8,174,175
622,411,40.44342440121245,-79.94457878172398,188,8,174,175
623,412,40.44341572574299,-79.94461566209793,187,8,173,174
624,413,40.44338408578602,-79.94460694491863,187,8,173,174
625,414,40.44337643095549,-79.94465120136738,187,8,173,174
626,415,40.443345301302344,-79.94464918971062,187,8,173,174
627,416,40.44333356388841,-79.94468741118908,187,8,173,174
628,417,40.44330243421541,-79.94468539953232,187,8,173,174
629,418,40.44345195857894,-79.94457341730595,188,8,174,175
630,419,40.443457061793325,-79.94454190135002,188,8,174,175
631,420,40.44348921203708,-79.94453988969326,188,8,174,175
632,421,40.44350350102943,-79.94450502097607,189,8,175,176
634,423,40.44354075445941,-79.94450569152832,189,8,175,176
635,424,40.443569842739684,-79.94446344673634,189,8,175,176
636,425,40.443608116773476,-79.94446478784084,189,8,175,176
637,426,40.44358158011237,-79.94442991912365,190,8,176,177
638,427,40.44359842068699,-79.94439236819744,190,8,176,177
639,428,40.443630570863185,-79.94442589581013,190,8,176,177
640,429,40.44362342638092,-79.94446411728859,189,8,175,176
641,430,40.44364434950542,-79.94449563324451,189,8,175,176
642,431,40.443637205024615,-79.94453720748425,189,8,175,176
643,432,40.4436576178249,-79.94457207620144,189,8,175,176
644,433,40.44363873598484,-79.94458884000778,189,8,175,176
645,434,40.44361628189788,-79.94458012282848,189,8,175,176
646,435,40.44359382780341,-79.9446102976799,188,8,174,175
647,436,40.443569332419074,-79.94460761547089,188,8,174,175
648,437,40.443555043440746,-79.94463443756104,188,8,174,175
649,438,40.443524934512226,-79.94463041424751,188,8,174,175
650,439,40.44350809391919,-79.94466260075569,188,8,174,175
651,440,40.44365200430545,-79.94461566209793,188,8,174,175
652,441,40.44367241710125,-79.94462370872498,188,8,174,175
653,442,40.44365200430545,-79.94467869400978,188,8,174,175
654,443,40.4436504733455,-79.94472295045853,187,8,173,174
655,444,40.44362699862213,-79.9447450786829,187,8,173,174
656,445,40.44359637940544,-79.94478665292263,187,8,173,174
657,446,40.443556574402855,-79.94477592408657,187,8,173,174
658,447,40.44361475093712,-79.94435280561447,190,8,176,177
659,448,40.44358668331725,-79.94432330131531,190,8,176,177
660,449,40.443592807162574,-79.94427502155304,190,8,176,177
661,450,40.44357443562489,-79.94427502155304,190,8,176,177
662,451,40.44357953883029,-79.94424283504486,190,8,176,177
663,452,40.44355402279932,-79.94427166879177,190,8,176,177
664,453,40.44354075445941,-79.94430653750896,190,8,176,177
665,454,40.443516259055734,-79.94430989027023,190,8,176,177
666,455,40.443496866854815,-79.94435414671898,190,8,176,177
667,456,40.443472881756485,-79.94435951113701,190,8,176,177
668,457,40.4434754333631,-79.94440443813801,189,8,175,176
669,458,40.443441752148026,-79.94445405900478,188,8,174,175
670,459,40.44348563978856,-79.94448356330395,188,8,174,175
671,460,40.4436142406215,-79.94422875344753,190,9,176,177
672,461,40.44359025555996,-79.94423545897007,190,9,176,177
673,462,40.443584131714836,-79.94426630437374,190,9,176,177
674,463,40.443559636326995,-79.94426764547825,190,9,176,177
675,464,40.44354891959198,-79.94429782032967,190,9,176,177
676,465,40.44352289322844,-79.94430519640446,190,9,176,177
677,466,40.44351319712964,-79.94433335959911,190,9,176,177
678,467,40.443473902399134,-79.94435079395771,190,9,176,177
679,468,40.44346726822159,-79.94438230991364,189,9,175,176
680,469,40.443420828960456,-79.94441919028759,188,9,174,175
681,470,40.44347492304178,-79.94446612894535,188,9,174,175
682,471,40.44342848378593,-79.94449898600578,188,9,174,175
683,472,40.44348002625474,-79.94450971484184,188,9,174,175
684,473,40.44346879918571,-79.94454994797707,188,9,174,175
685,474,40.44344073150487,-79.94455128908157,188,9,174,175
686,475,40.44343256635914,-79.94458079338074,188,9,174,175
687,476,40.44340602962871,-79.94458615779877,188,9,174,175
688,477,40.443396333513064,-79.94461633265018,187,9,173,174
689,478,40.44336877612411,-79.94461633265018,187,9,173,174
690,479,40.44336265225835,-79.94465187191963,187,9,173,174
691,480,40.44333458453316,-79.94465187191963,187,9,173,174
692,481,40.44332080582745,-79.94468875229359,187,9,173,174
693,482,40.443292227762136,-79.94468070566654,187,9,173,174
694,483,40.443283552275595,-79.94471691548824,187,9,173,174
695,484,40.44325395354845,-79.94472295045853,187,9,173,174
696,485,40.443231499332946,-79.94463376700878,187,9,173,174
697,486,40.443207003816575,-79.94462102651596,187,9,173,174
698,487,40.44319679734877,-79.94457744061947,187,9,173,174
699,488,40.44317179149614,-79.94456268846989,187,9,173,174
700,489,40.443167708907076,-79.9445191025734,187,9,173,174
701,490,40.443363162578855,-79.94488388299942,187,9,173,174
702,491,40.44336520386913,-79.94483090937138,187,9,173,174
703,492,40.443321826472406,-79.94483023881912,187,9,173,174
704,493,40.443316723247435,-79.94477458298206,187,9,173,174
705,494,40.443281510984484,-79.94476318359375,187,9,173,174
706,495,40.443637205024615,-79.94476519525051,187,9,173,174
707,496,40.443592807162574,-79.94475916028023,187,9,173,174
708,497,40.44356320857161,-79.94478799402714,187,9,173,174
709,498,40.4435183003397,-79.94478397071362,187,9,173,174
710,499,40.44349788749711,-79.94481012225151,187,9,173,174
711,500,40.443481046897304,-79.94479268789291,187,9,173,174
712,501,40.4434784952909,-79.94472965598106,187,9,173,174
713,502,40.4434591030791,-79.94470685720444,187,9,173,174
714,503,40.44345451018601,-79.94465790688992,187,9,173,174
715,504,40.44343001475091,-79.94462706148624,187,9,173,174
716,505,40.443456551471854,-79.94482889771461,187,9,173,174
717,506,40.44343613861051,-79.94482018053532,187,9,173,174
718,507,40.44342389089075,-79.94484163820744,187,9,173,174
719,508,40.4434029676976,-79.94483090937138,187,9,173,174
720,509,40.443394292225385,-79.94485706090927,187,9,173,174
721,510,40.443490232679544,-79.94466260075569,188,9,174,175
722,511,40.44350758359794,-79.94463510811329,188,9,174,175
723,512,40.44354636798815,-79.94463846087456,188,9,174,175
724,513,40.44356780145728,-79.9446002393961,188,9,174,175
725,514,40.44359688972582,-79.94460962712765,188,9,174,175
726,515,40.44361424061687,-79.94457609951496,189,9,175,176
727,516,40.443649707865525,-79.94458951056004,189,9,175,176
728,517,40.443628529582604,-79.94455128908157,189,9,175,176
729,518,40.44363261214369,-79.94450770318508,189,9,175,176
730,519,40.44361321997636,-79.94448758661747,189,9,175,176
731,520,40.44361730253836,-79.94444668292999,190,9,176,177
732,521,40.4435999516481,-79.94443260133266,190,9,176,177
733,522,40.443607096132865,-79.94439102709293,190,9,176,177
734,523,40.443584131714836,-79.94434475898743,190,9,176,177
735,524,40.443591786521715,-79.944311901927,190,9,176,177
736,525,40.44357443562489,-79.94429782032967,190,9,176,177
737,526,40.4435723943426,-79.94440577924252,190,9,176,177
738,527,40.443570353060274,-79.94445137679577,189,9,175,176
739,528,40.443591786521715,-79.94447685778141,189,9,175,176
740,529,40.44356014664765,-79.94449160993099,189,9,175,176
741,530,40.44353463060932,-79.9444842338562,189,9,175,176
742,531,40.443520851944605,-79.94451574981213,189,9,175,176
743,532,40.44350452167162,-79.94449898600578,189,9,175,176
744,533,40.443499928781655,-79.94452849030495,188,9,174,175
745,534,40.44361730253836,-79.94474105536938,187,9,173,174
746,535,40.44363312246354,-79.94469814002514,187,9,173,174
747,536,40.44361219933581,-79.9446552246809,188,9,174,175
748,537,40.44364434950542,-79.94463913142681,188,9,174,175
